Datetime,Water Level (m)
2025-04-11 00:00:00,0.23391593
2025-04-11 01:00:00,0.049971044
2025-04-11 02:00:00,-0.12788144
2025-04-11 03:00:00,-0.31029698
2025-04-11 04:00:00,-0.44285053
2025-04-11 05:00:00,-0.37115875
2025-04-11 06:00:00,-0.14584585
2025-04-11 07:00:00,0.09360663
2025-04-11 08:00:00,0.3401343
2025-04-11 09:00:00,0.52914935
2025-04-11 10:00:00,0.6273545
2025-04-11 11:00:00,0.52379906
2025-04-11 12:00:00,0.3789302
2025-04-11 13:00:00,0.20828794
2025-04-11 14:00:00,0.02766917
2025-04-11 15:00:00,-0.15456861
2025-04-11 16:00:00,-0.32040733
2025-04-11 17:00:00,-0.3128709
2025-04-11 18:00:00,-0.07636625
2025-04-11 19:00:00,0.1357727
2025-04-11 20:00:00,0.38568014
2025-04-11 21:00:00,0.55988955
2025-04-11 22:00:00,0.6393018
2025-04-11 23:00:00,0.52884096
2025-04-12 00:00:00,0.38287812
2025-04-12 01:00:00,0.21104018
2025-04-12 02:00:00,0.03158407
2025-04-12 03:00:00,-0.15135396
2025-04-12 04:00:00,-0.33012262
2025-04-12 05:00:00,-0.41710776
2025-04-12 06:00:00,-0.21826825
2025-04-12 07:00:00,0.0114992345
2025-04-12 08:00:00,0.30288845
2025-04-12 09:00:00,0.5280977
2025-04-12 10:00:00,0.6798449
2025-04-12 11:00:00,0.6426162
2025-04-12 12:00:00,0.5030912
2025-04-12 13:00:00,0.33559954
2025-04-12 14:00:00,0.15270312
2025-04-12 15:00:00,-0.037682474
2025-04-12 16:00:00,-0.21851283
2025-04-12 17:00:00,-0.34229925
2025-04-12 18:00:00,-0.19963878
2025-04-12 19:00:00,0.0072214343
2025-04-12 20:00:00,0.2656677
2025-04-12 21:00:00,0.48687974
2025-04-12 22:00:00,0.6255388
2025-04-12 23:00:00,0.58687526
2025-04-13 00:00:00,0.4471322
2025-04-13 01:00:00,0.2823125
2025-04-13 02:00:00,0.10390533
2025-04-13 03:00:00,-0.077699356
2025-04-13 04:00:00,-0.26252192
2025-04-13 05:00:00,-0.40925476
2025-04-13 06:00:00,-0.3503865
2025-04-13 07:00:00,-0.0981347
2025-04-13 08:00:00,0.16814598
2025-04-13 09:00:00,0.4540145
2025-04-13 10:00:00,0.65589374
2025-04-13 11:00:00,0.72297674
2025-04-13 12:00:00,0.60754454
2025-04-13 13:00:00,0.45041612
2025-04-13 14:00:00,0.2627083
2025-04-13 15:00:00,0.07355679
2025-04-13 16:00:00,-0.11706641
2025-04-13 17:00:00,-0.283195
2025-04-13 18:00:00,-0.28966343
2025-04-13 19:00:00,-0.06628672
2025-04-13 20:00:00,0.14184001
2025-04-13 21:00:00,0.40175915
2025-04-13 22:00:00,0.5633071
2025-04-13 23:00:00,0.6039202
2025-04-14 00:00:00,0.479748
2025-04-14 01:00:00,0.3248197
2025-04-14 02:00:00,0.15024313
2025-04-14 03:00:00,-0.027802572
2025-04-14 04:00:00,-0.20918249
2025-04-14 05:00:00,-0.37740868
2025-04-14 06:00:00,-0.4372681
2025-04-14 07:00:00,-0.20947027
2025-04-14 08:00:00,0.015894419
2025-04-14 09:00:00,0.34943604
2025-04-14 10:00:00,0.5830972
2025-04-14 11:00:00,0.7341423
2025-04-14 12:00:00,0.68491966
2025-04-14 13:00:00,0.54115176
2025-04-14 14:00:00,0.36729255
2025-04-14 15:00:00,0.17798178
2025-04-14 16:00:00,-0.018543797
2025-04-14 17:00:00,-0.20292725
2025-04-14 18:00:00,-0.32154325
2025-04-14 19:00:00,-0.17436765
2025-04-14 20:00:00,0.03628791
2025-04-14 21:00:00,0.2803992
2025-04-14 22:00:00,0.47042742
2025-04-14 23:00:00,0.5660041
2025-04-15 00:00:00,0.4869419
2025-04-15 01:00:00,0.35037968
2025-04-15 02:00:00,0.19292478
2025-04-15 03:00:00,0.02662626
2025-04-15 04:00:00,-0.14349367
2025-04-15 05:00:00,-0.31937808
2025-04-15 06:00:00,-0.43778452
2025-04-15 07:00:00,-0.3079885
2025-04-15 08:00:00,-0.06965074
2025-04-15 09:00:00,0.22825122
2025-04-15 10:00:00,0.50047165
2025-04-15 11:00:00,0.70105636
2025-04-15 12:00:00,0.7632107
2025-04-15 13:00:00,0.6438704
2025-04-15 14:00:00,0.4841064
2025-04-15 15:00:00,0.29708567
2025-04-15 16:00:00,0.10745287
2025-04-15 17:00:00,-0.08292936
2025-04-15 18:00:00,-0.24643241
2025-04-15 19:00:00,-0.26088256
2025-04-15 20:00:00,-0.048163053
2025-04-15 21:00:00,0.1414173
2025-04-15 22:00:00,0.36805508
2025-04-15 23:00:00,0.492953
2025-04-16 00:00:00,0.49297404
2025-04-16 01:00:00,0.3703916
2025-04-16 02:00:00,0.22671805
2025-04-16 03:00:00,0.0658764
2025-04-16 04:00:00,-0.09813065
2025-04-16 05:00:00,-0.26984915
2025-04-16 06:00:00,-0.40746745
2025-04-16 07:00:00,-0.39559326
2025-04-16 08:00:00,-0.1680904
2025-04-16 09:00:00,0.06293427
2025-04-16 10:00:00,0.35414436
2025-04-16 11:00:00,0.581558
2025-04-16 12:00:00,0.74376595
2025-04-16 13:00:00,0.709278
2025-04-16 14:00:00,0.5713348
2025-04-16 15:00:00,0.39766902
2025-04-16 16:00:00,0.20907457
2025-04-16 17:00:00,0.018336842
2025-04-16 18:00:00,-0.15962705
2025-04-16 19:00:00,-0.26076335
2025-04-16 20:00:00,-0.12418251
2025-04-16 21:00:00,0.058556963
2025-04-16 22:00:00,0.26985812
2025-04-16 23:00:00,0.4295316
2025-04-17 00:00:00,0.5121867
